abalone,abandoned,abducted,abilities,ability,able,abnormal,aboard,aboriginal,aboriginals,about,above,abracadabra,absent,absolutely,absorb,absorbed,academy,accelerated,accept,accessories,accident,accidentally,accidents,accommodate,accommodation,according,account,accuracy,accused,ace,aces,ache,achievement,achy,acid,acids,acorn,acorns,acrobat,acrobatics,acrobats,across,act,acted,acting,action,actions,activate,activated,active,activities,activity,actor,actors,actress,actresses,actual,actually,add,added,addicted,adding,addition,addle,address,adenoids,admiring,admit,adopted,adorable,adore,adult,adults,advancing,advantage,adventure,adventurers,adventures,adventurous,advertised,advertisement,advice,aerobics,aeroplane,aeroplanes,aesthetic,afford,afraid,after,afternoon,afterwards,again,against,agate,age,aged,agency,agent,agents,ages,agility,ago,agree,agreed,agreeing,agrees,ahead,ahs,aid,aimed,aiming,air,airforce,airline,airlines,airport,airports,airy,aisle,aisles,ait,aksed,alarm,alarms,alas,album,alcohol,alert,alien,aliens,alive,all,alleged,allergic,alley,alligator,alligators,allowance,allowed,allows,alluvial,almost,alone,along,alongs,aloud,alpaca,alphabet,alphabets,already,alright,also,although,altogether,always,amazed,amazement,amazing,amazingly,ambled,ambulance,ambush,ambushed,amd,ammunition,among,amongst,amount,amounts,amphibian,amputate,amulet,amusement,amusing,anaconda,analysis,ancient,and,andy,anew,angel,angels,anger,angle,angles,angrily,angry,animal,animals,animated,animlas,ankle,anniversary,announce,announced,announcement,announcer,annoyed,annoying,annoyingly,anonymous,another,answer,answered,answering,answers,ant,anted,antelope,antenna,antennae,anti,antidote,antiques,ants,anxious,anxiously,any,anybody,anyhting,anymore,anyone,anything,anytime,anyway,anywhere,apart,apartment,apartments,ape,aphid,aphids,apologies,apologise,apologised,apologising,apology,apostles,apparatus,apparently,appear,appearance,appeared,appearing,appears,apple,apples,applying,approached,approaching,appropriate,approximately,april,apron,aqua,aquamarine,aquarium,aquatic,arcade,arcades,arch,archaeologists,archers,archery,arctic,are,area,areas,arena,argued,arguing,argument,ariport,arived,arm,armies,armour,arms,army,around,aroung,arrangements,arrest,arrested,arrival,arrive,arrived,arrives,arriving,arrow,arrows,art,artic,artist,arts,artwork,ash,ashes,aside,ask,asked,asking,asks,asleep,asphalt,assassin,assault,assemble,assembled,assembly,assigned,assistant,association,assumed,asteroid,asteroids,asthma,astonished,astounded,astronaut,astronauts,astronomer,asylum,ate,athlete,athletes,athletics,atlas,atmosphere,atomic,atoms,attach,attached,attack,attacked,attacking,attacks,attcked,attended,attention,attic,attitude,attraction,attracts,audience,august,aunt,aunties,aunts,aunty,australia,australian,author,auto,autograph,autographs,automated,automatic,automatically,autumn,avalanche,average,avocados,avoiding,awake,awakening,award,awarded,awards,aware,away,awesome,awful,awfully,awhile,awkwardly,awoke,awoken,axe,axed,baba,babies,baboon,baboons,baby,babysitter,back,backbone,backed,backfired,backflip,background,backgrounds,backhand,backhands,backing,backpack,backpacks,backside,backstage,backstroke,backup,backwards,backyard,bacon,bad,baddie,baddies,badge,badges,badly,badminton,bady,bag,bags,bait,baited,bak,bake,baked,baker,bakery,baking,balance,balanced,balances,balconies,balcony,bald,bale,bales,ball,balled,ballerina,ballet,balling,ballistic,balloon,balloonist,balloons,balls,balm,bam,bamboo,ban,banana,bananas,band,bandage,bandages,bandicoot,bandits,bands,bandstand,bang,banged,banger,banging,bangles,bank,banksia,banned,banner,banquet,baptise,baptism,bar,barbecue,barbecuing,barber,bare,barefooting,barely,bark,barked,barking,barks,barn,barnyard,barrack,barrackers,barrel,barricade,barrier,bars,barynyard,base,baseball,based,basement,bases,bash,bashed,bashes,bashing,basic,basically,basil,basket,basketball,baskets,bass,bat,bath,bathed,bathers,bathing,bathroom,baths,bathtub,batman,baton,bats,battered,batteries,batters,battery,battle,battled,battlefield,battlefields,battleground,battles,battling,bay,bays,bazookas,beach,beaded,beagle,beagles,beak,beam,beams,bean,beanbag,beanbags,beanie,beanies,beans,beanstalk,bear,beard,bearded,bears,beast,beastly,beasts,beat,beaten,beating,beautiful,beautifully,beauty,became,becasue,becasuse,becaue,because,become,becomes,becoming,bed,bedroom,bedrooms,beds,bedside,bedtime,bee,beef,beehive,been,beep,beeping,beer,bees,beetle,beetles,beetroot,before,beg,began,begged,begging,begin,beginners,beginning,begins,begun,behave,behaved,behaviour,behavious,behind,being,beings,believe,believed,believer,believes,bell,bells,belly,belong,belonged,belonging,belongings,below,belt,belted,bench,bend,beneath,bent,berries,berry,beside,besides,best,bests,bet,betrayed,better,betting,betty,between,beware,beyond,bible,bicycle,bid,big,bigger,biggest,bight,bike,bikes,bikini,bilby,bill,billion,billionaire,billions,bills,billy,bin,bingo,binoculars,bins,bird,birds,birth,birthday,birthdays,biscuit,biscuits,bit,bite,biter,bites,biting,bits,bitten,bitter,black,blackboard,blacker,blackness,blackout,blade,blades,blame,blamed,blank,blanked,blanket,blankets,blast,blasted,blaster,blasting,bleeding,blend,blender,blends,blessing,blew,blind,blindfold,blink,blinked,blizzard,blizzards,blob,blobs,block,blocked,blocking,blocks,blond,blonde,blood,blooded,bloody,bloom,bloomed,blossom,blossomed,blotches,blow,blower,blowers,blowing,blown,blows,blue,blueberries,blueberry,blueprint,blues,bluey,blur,blurred,blurry,blush,blushing,board,boarded,boarders,boardgames,boarding,boards,boasted,boaster,boasting,boat,boatman,boats,bob,bobbed,bobcat,bodies,body,bodykit,bogey,boil,boiling,boils,bold,bolognaise,bolt,bolted,bolts,bomb,bombed,bomber,bombs,bond,bone,bones,bonfire,bongo,bonnie,bonus,boo,booby,booing,book,booked,booking,books,bookshelf,bookshelves,bookshop,boom,boomerang,boomerangs,booming,boost,boosted,booster,boot,booted,booth,boots,borax,border,borders,bore,bored,boring,born,borrow,borrowed,borrowing,boss,bosses,bossing,bossy,botanic,botanical,both,bother,bothered,bothering,bottle,bottles,bottom,bough,bought,boulder,boulders,bounce,bounced,bounces,bouncing,bouncy,bound,bounded,bounding,bout,bow,bowed,bowel,bowl,bowled,bowling,bowls,bows,box,boxed,boxer,boxes,boxing,boy,boyfriend,boyfriends,boys,bra,brace,bracelet,bracelets,braces,brackets,brad,bragging,braided,brain,brains,brainwaves,brake,branch,branches,brand,brands,brat,brave,braved,bravely,braver,bravest,bravo,brawl,brawled,brazil,bread,break,breakfast,breakfasts,breaking,breaks,breasts,breaststroke,breath,breathe,breathes,breathing,breaths,breathtaking,bred,breed,breeding,breeds,breeze,brew,bribe,brick,bricks,bride,bridesmaid,bridge,bridges,bridle,brigade,bright,brighter,brightest,brightly,brilliant,bring,bringing,brings,brittle,broccoli,broke,broken,bronze,brood,broom,broomstick,brother,brothers,brought,brown,bruise,bruised,bruises,brunch,brush,brushed,brushes,brushing,brussel,bubble,bubbles,bubbly,buck,bucket,bucketing,buckets,buckled,bucks,bud,buddies,buddy,budge,budget,budgie,budgies,buffalo,buffet,bug,bugging,bugs,build,builder,builders,building,buildings,builds,built,bulb,bulgey,bulgy,bulky,bull,bulldog,bulldogs,bullet,bullets,bullied,bullies,bulls,bullseye,bully,bullying,bumblebee,bumblebees,bump,bumped,bumper,bumping,bumps,bumpy,bun,bunch,bunched,bunk,bunks,bunnies,bunny,buns,bunya,bunyip,bur,bureau,burger,burgers,burglar,buried,burn,burned,burning,burnout,burnouts,burns,burnt,burped,burrow,burrows,burst,bursting,bury,bus,buses,bush,bushed,bushes,bushfire,bushwalking,busiest,busily,business,bust,busted,busting,busy,but,butcher,buts,butted,butter,butterflies,butterfly,button,buttons,buy,buying,buys,buzz,buzzer,buzzing,bye,byt,caastle,cab,cabbage,cabbages,cabin,cabinet,cabins,cackle,cackled,cadet,cadets,cafe,café,cage,cages,cairns,cake,cakes,calamari,calculator,calendar,calendars,calf,calisthenics,call,called,calling,calls,calm,calmed,calming,calmly,calories,calved,calves,cam,came,camel,camels,camera,cameras,camouflage,camouflaged,camp,campaign,camped,camper,campers,campfire,camping,campsite,can,canaries,canary,canceled,cancelled,cancer,candies,candle,candles,candy,cane,canines,canned,cannibals,cannon,cannonball,cannons,cannot,canoe,canoes,canon,canons,canopy,cans,canteen,cantered,cap,cape,capital,caps,capsicum,capsized,capsules,captain,captains,capture,captured,car,caramel,caravan,carbon,card,cardboard,cardigan,cards,care,cared,career,careful,carefully,careless,cares,caretaker,caring,carnival,carnivals,carnivore,carnivores,carols,carpet,carport,carriages,carried,carries,carrot,carrots,carry,carrying,cars,cart,carton,cartoon,cartoons,carts,cartwheels,case,cash,cashews,cashier,casing,casino,casserole,cast,caste,caster,casting,castle,castles,casual,cat,catapiller,catapults,catastrophic,catch,catcher,catchers,catches,catching,caterpillar,caterpillars,catle,cats,cattle,catwalk,caught,cauliflower,cause,caused,causes,causing,cave,caved,caveman,cavemen,cavern,caverns,caves,ccol,ceiling,celebrate,celebrated,celebrating,celebration,celebrations,celery,cell,cellophane,cells,cement,cemeteries,cemetery,cent,centigrade,centimetre,centimetres,centre,centres,cents,centuries,century,cereal,ceremony,certain,certainly,certificate,certificates,chaff,chain,chains,chainsaw,chainsaws,chair,chairlift,chairs,chalk,challenge,challenged,challenger,challenges,chamber,chameleons,champ,champion,champions,championship,championships,chance,change,changed,changeroom,changerooms,changes,changing,channel,channels,chant,chanted,chaos,chapter,character,characters,charades,charcoal,charge,charged,charging,charity,charm,charmers,charming,charms,chart,chase,chased,chases,chasey,chasing,chasy,chat,chatted,chatter,chatterbox,chattered,chattering,chatting,cheap,cheaper,cheat,cheated,cheaters,cheating,cheats,check,checked,checkers,checking,cheddar,cheek,cheeks,cheeky,cheer,cheered,cheerful,cheerfully,cheering,cheerleader,cheese,cheetah,cheetahs,chef,chefs,chemical,chemicals,chemist,cherish,cherries,cherry,chess,chest,chestnut,chests,chew,chewed,chewing,chews,chewy,chick,chicken,chickenpox,chickens,chicks,chief,child,childhood,children,chill,chilli,chilly,chimney,chimneys,chimp,chimpanzee,chimpanzees,chin,china,chip,chipmunk,chipmunks,chipped,chips,chirping,chives,chlorine,choc,chocoholic,chocolate,chocolates,choice,choices,choir,choke,choked,choking,chomp,chook,chooks,choose,chop,chopped,chopper,chopping,chops,chopsticks,chores,chorus,chose,chosen,christening,christmas,chromatic,chubby,chucked,chucking,chuckled,chuckling,chucks,chum,church,churn,cinders,cinema,cinemas,cinnamon,circle,circled,circles,circus,circuses,cites,cities,citizens,city,civil,civilisation,clack,clam,clams,clang,clanging,clank,clanked,clanky,clap,clapped,clapping,clarinet,clash,class,classes,classic,classmate,classmates,classroom,classrooms,classtime,claw,claws,clay,clean,cleaned,cleaner,cleaners,cleaning,clear,cleared,clearly,clench,clever,click,clicked,clicking,cliff,cliffs,climb,climbed,climbers,climbing,climbs,clinging,clinic,clink,clip,clipped,clipping,clips,cloak,clock,clocked,clocks,clone,clones,close,closed,closely,closer,closest,closet,closing,cloth,clothes,clothing,cloths,cloud,clouds,cloudy,clove,cloves,clown,clowning,clowns,club,clubrooms,clubs,cluck,clue,clues,clump,clumsy,clutch,coach,coaches,coal,coals,coast,coaster,coasters,coat,coats,cobra,cobwebs,cock,cockatiel,cockatiels,cockatoo,cockpit,cockroach,cockroaches,cocktails,cocky,cocoa,coconut,coconuts,cocoon,code,codes,coffee,coffees,coffin,coffins,coin,coins,coke,cola,cold,coldly,coldness,coleslaw,collapse,collapsed,collar,collars,collect,collectable,collected,collecting,collection,collector,collects,college,collided,collie,colonel,colony,colossal,colour,coloured,colourful,colouring,colours,colts,column,combed,combination,combine,combined,combo,come,comedy,comes,comet,comets,comfort,comfortable,comforting,comfy,comic,coming,command,commanded,commander,commanders,commentator,commentators,commented,commercial,commit,common,commotion,communicate,community,companions,company,compass,compassion,competing,competition,competitions,complain,complained,complaining,complete,completed,completely,completing,complex,computer,computers,computing,concentrate,concentrating,concerned,concerns,concert,concerts,conclusion,concrete,condition,conditioner,cone,cones,conference,confidence,confidently,confused,confusing,confusion,congratulations,coning,connect,connected,connecting,connection,conner,conquered,considerate,console,consoles,constellations,constipated,contact,contacted,contained,container,containers,contest,contestants,continent,continue,continued,continues,control,controlled,controller,controlling,convenient,conversation,convex,convincing,cook,cooked,cookie,cookies,cooking,cooks,cool,cooled,cooler,coolest,cooperate,cooperation,cooperative,cop,cope,copied,copies,copper,copping,cops,copy,copying,coral,cord,cordial,cords,core,coriander,corn,corner,corners,cornflakes,corporate,correct,corrected,correcting,corridor,corss,cost,costs,costume,costumes,cosy,cot,cottage,cottages,cotton,couch,couches,cough,coughed,coughing,could,council,count,countdown,counted,counter,counters,counting,countries,country,countryside,couple,courage,courageously,course,court,courts,cousin,cousins,cove,cover,covered,covers,cow,cowboy,cowdung,cows,coyotes,crab,crabbing,crabs,crack,cracked,cracker,crackers,cracking,crackle,crackling,craft,crafty,crammed,crane,crash,crashed,crashes,crashing,crate,crater,craters,crawl,crawled,crawling,crayons,crazy,creak,creaked,creaky,cream,creamed,creamy,create,created,creates,creating,creative,creator,creature,creatures,creche,credit,credits,creek,creep,creeped,creeping,creeps,creepy,crept,crescent,crew,cricket,crickets,cried,cries,crime,crimes,criminal,criminals,crinkles,crisis,crisp,croaked,croaky,crocodile,crocodiles,crook,crooked,cross,crossaints,crossbar,crossbows,crossed,crossing,crotchet,crow,crowd,crowded,crowding,crown,crowned,crows,cruel,cruise,crumb,crumble,crumbled,crumbs,crumpets,crunch,crunched,crunchy,crush,crushed,crushes,crushing,crust,crusty,crutches,cry,crying,crystal,crystals,cub,cubbies,cubby,cube,cubes,cubs,cucumber,cuddle,cuddled,cuddles,cuddling,cuddly,cuffed,culture,cultures,cunning,cup,cupboard,cupboards,cupcakes,cups,cure,cured,curious,curiously,curl,curled,curly,current,curriculum,curry,curse,cursed,cursive,curtain,curtains,curtsy,curve,curved,cushion,cushions,custom,customer,customers,customs,cut,cute,cutest,cutlery,cuts,cutter,cutting,cuttle,cuttlefish,cycle,cycling,cyclone,cyclones,cylinder,cylinders,dabbed,dad,dadda,daddy,dads,daffodil,dagger,dairy,daisy,dally,dam,damage,damaged,dame,damp,damper,dams,dance,danced,dancer,dancers,dances,dancing,dancng,dandruff,danger,dangerous,dare,dared,daredevil,daring,dark,darkened,darker,darkness,darling,dart,darted,dash,dashed,dashing,date,daub,daughter,daughters,dawn,day,daydream,daydreamed,daydreaming,daylight,daylights,days,daytime,dazzle,dazzling,dead,deadly,deaf,deafening,deal,dean,dear,dearly,death,decades,decapitate,december,decent,decide,decided,decides,deciding,decision,deck,declared,declaring,decorate,decorated,decorations,decoy,deep,deeper,deeply,deer,deers,defeat,defeated,defeating,defence,defences,defend,defender,defenders,definite,definitely,deflected,deflecting,degrees,deleted,deli,delicate,delicious,delighted,delightful,delightfully,delivered,delivery,deluxe,demand,demanded,demanding,demandingly,dementia,demo,demon,demons,den,denied,dentist,departed,depending,depths,derby,descend,descending,describe,description,descriptive,desert,deserted,desexed,design,designed,designer,designing,designs,desire,desk,desks,desperate,desperately,dessert,destination,destiny,destoyed,destoying,destroy,destroyed,destroying,destroys,destruct,details,detective,detectives,detention,detentions,determined,devastating,devastation,device,devices,devil,devoured,dhal,diablo,dial,dialled,diamond,diamonds,diaries,diary,dice,dicided,dick,dictionary,did,die,died,dies,diesel,diet,difference,different,difficult,dig,digestive,diggers,digging,digit,digital,dilly,dim,dimension,diner,ding,dingo,dingoes,dining,dinner,dinners,dinosaur,dinosaurs,dip,dipped,direct,direction,directions,directly,director,dirt,dirty,dirvers,disabled,disappear,disappeared,disappearing,disappears,disappointed,disaster,disasters,disc,discipline,disco,discoed,discover,discovered,discoverer,discoveries,discovers,discus,discussed,discussing,disease,disguise,disguised,disguises,disgusting,dish,dishes,dishwasher,disk,disliked,dislikes,dislocated,dismal,dismissed,display,dispose,dissolving,distance,distant,distracted,distracting,distraction,distributed,district,disturbed,ditch,ditched,ditches,dive,dived,diver,divers,dives,diving,division,divisions,divorce,divorced,dizzy,dock,doctor,doctors,dodge,dodged,does,dog,doggy,dogs,doing,doiong,doll,dollar,dollars,dollhouse,dolls,dolly,dolphin,dolphins,dome,domestic,domination,dominoes,donate,donated,done,dong,donkey,donkeys,donna,donuts,doo,doodle,doom,doomed,doomsday,doona,door,doorbell,doorbells,doors,doorstep,doorstop,doorway,dory,dot,dots,dotty,double,doubled,doubles,doubt,dough,doughnut,doughnuts,dove,doves,down,download,downloaded,downstairs,dozed,dozing,draft,drag,dragged,dragging,dragon,dragonflies,dragonfly,dragons,dragster,drain,draining,drama,drank,draw,drawbridge,drawer,drawers,drawing,drawings,drawn,dreadful,dream,dreamed,dreamer,dreamily,dreaming,dreamless,dreams,dreamt,drenched,dress,dressed,dresser,dresses,dressing,dressups,drew,dribble,dribbled,dribbling,dried,drier,driest,drift,drifted,drifting,drill,drilled,drills,drink,drinking,drinks,drip,dripped,dripping,drive,driven,driver,drivers,drives,driveway,driving,drizzling,droid,droids,droopiest,drop,dropped,dropping,droppings,drops,drought,drove,drown,drowned,drowning,drum,drums,drumstick,drumsticks,drunk,dry,duck,ducked,ducks,dude,dudes,due,duel,duffer,dug,dugong,dull,dully,dumb,dumber,dumbest,dumbness,dummy,dump,dumped,dumping,dumpy,dungeon,dungeons,dunk,dunks,duper,during,dusk,dust,duster,dusty,duty,dwarf,dwarfs,dwarves,dwelling,dye,dyed,dying,dynamite,each,eager,eagle,eagles,ear,earlier,earliest,early,earned,earphones,earrings,ears,earth,earthling,earthquake,earwig,ease,easier,easiest,easily,east,easter,easters,easy,eat,eaten,eater,eaters,eating,eats,eavesdropping,echidna,echoed,echoing,eclair,eclipse,edge,edges,edible,edit,eel,eels,eerie,effect,effects,egg,eggplant,eggs,eight,eighteen,eighteenth,eighth,eighties,eighty,eisteddfod,either,elated,elbow,elder,elderly,elders,elected,election,electric,electricity,electrocuted,electronic,electrons,element,elementary,elements,elephant,elephants,elevator,eleven,eleventh,elf,eliminated,elite,ell,else,elves,email,emailed,emails,embarrassed,embarrassing,emblem,emerald,emerged,emergency,emperor,empire,empress,emptied,empty,emptying,emu,emus,enchanted,enchantress,encouraged,encouragement,encouraging,encyclopedia,end,endangered,ended,ending,ends,enemies,enemy,energetic,energy,engine,engines,english,engraved,enjoy,enjoyable,enjoyed,enjoying,enjoys,enlist,enormous,enough,enraged,enter,entered,entering,enters,entertain,entertaining,entertainment,enthusiasm,enthusiastic,entire,entrance,entry,envelope,environment,environmental,episode,equally,equals,equipment,eraser,ere,error,erupt,erupted,erupting,escape,escaped,especially,established,estate,estimated,estimation,evacuate,evaporated,eve,even,evening,event,eventually,ever,every,everybody,everyday,everyone,everyonw,everything,everywhere,eveywhere,evil,evolve,evolved,evolves,evreyday,ewes,exact,exactly,exam,examination,examine,example,examples,exasperate,excellent,except,excited,excitedly,excitement,exciting,exclaimed,exclusive,excursion,excuse,excuses,executed,exercise,exercised,exercises,exhaled,exhaust,exhausted,exhausting,exhibition,exhibitioner,exhibitioners,exhibits,exist,existed,exit,exited,exits,expected,expecting,expensive,experience,experiencing,experiment,experiments,expert,explain,explained,explaining,explains,explode,exploded,explodes,exploding,exploration,explore,explored,explorer,explorers,explores,exploring,explosion,explosions,explosive,explosives,express,expression,extensions,extinct,extinguisher,extra,extraordinary,extraterrestrial,extremely,eye,eyeball,eyeballs,eyed,eyelids,eyes,eyeshadow,eyesight,fable,fables,fabulous,face,faced,faces,facial,facing,fact,factory,facts,fading,fail,failed,failing,failure,faint,fainted,fair,fairies,fairly,fairy,fairyland,fairytale,faith,fake,faking,falg,fall,fallen,falling,falls,false,fame,familiar,families,family,famous,fan,fanciest,fancy,fangs,fans,fantail,fantastic,fantastically,fantasy,far,faraway,farewell,farm,farmed,farmer,farmers,farmyard,farted,fascinating,fascination,fashion,fashioned,fast,faster,fastest,fat,father,fathers,fatter,fattest,fatty,fault,favourite,fax,fear,feared,fearless,feast,feathers,february,fed,federal,fee,feeble,feed,feeding,feeds,feel,feeling,feelings,feels,fees,feet,felines,fell,fellow,felt,female,fence,fences,feral,ferns,ferocious,ferris,ferry,fester,festival,fetch,fever,few,fiddle,fiddled,fiddling,field,fields,fierce,fiercely,fiercest,fiery,fifteen,fifteenth,fifth,fiftieth,fifty,fight,fighter,fighters,fighting,fights,figure,figured,figures,figurine,figuring,files,fill,filled,fillet,filling,filth,filthy,fin,final,finally,finals,find,finders,finding,finds,fine,finest,finger,fingernail,fingers,finish,finished,finishes,finishing,fircrackers,fire,fireball,fireballs,firecracker,fired,firefly,fireman,firemen,firend,fireplace,fires,fireworks,firing,firm,firmly,first,firstly,fish,fisherboy,fishermen,fishes,fishing,fishy,fist,fists,fit,fitfully,fitness,fits,fitted,fitting,five,fix,fixed,fixing,fizzy,flag,flags,flake,flakes,flame,flamed,flames,flaming,flamingo,flamingoes,flamingos,flap,flapped,flapping,flash,flashed,flashing,flat,flats,flattened,flavour,flavoured,flavours,fleas,flesh,flew,flexible,flick,flicked,flicker,flickered,flicking,flies,flight,flights,flinging,flip,flipped,flips,flittering,float,floated,floating,flock,flogged,flood,flooded,floor,floored,floors,flopped,floss,flour,flower,flowergirl,flowers,flowing,flown,flu,fluffy,fluid,fluke,flung,fluro,flush,flushed,flute,fluttered,fluttering,fly,flying,flytrap,foal,foam,focus,focused,focussed,fog,foggy,foil,fold,folded,folder,folk,folklore,folks,follow,followed,following,food,foods,fool,fooled,fools,foot,football,footballer,footballers,footballs,footpath,footprints,footsteps,footy,for,forbidden,force,forced,forces,forcing,forehand,forehead,forest,forests,forever,forgave,forget,forgets,forgot,forgotten,fork,forks,form,formed,forming,fort,fortnight,fortress,fortune,forty,forward,forwards,fossil,fossils,fought,found,fountain,fountains,fouoght,four,fourteen,fourteenth,fourth,fox,foxes,frail,frame,frank,frantically,freak,freaked,freaking,freaky,free,freed,freedom,freeing,freely,freestyle,freeze,freezer,freezing,fresh,frezzing,friday,fridays,fridge,fried,friend,friendly,friends,friendships,fries,fright,frighten,frightened,frightening,frights,frilly,fringe,frisbee,fro,frog,froglet,froglets,frogs,from,front,frontier,frost,frosty,froze,frozen,fruit,fruits,fruity,frustrated,frying,fuel,fulfilled,full,fulls,fully,fun,funeral,fungus,funky,funnel,funnier,funniest,funny,fur,furious,furiously,furniture,furry,further,fury,fused,fusion,fussing,fussy,future,futuristic,fuzzy,gagged,gain,gained,galactic,galah,galahs,galaxy,gallop,galloped,galloping,gallops,game,games,gaming,gang,ganged,gangs,gangster,gangsters,gap,gaps,garage,garbage,garden,gardener,gardening,gardens,garfish,gargoyle,gargoyles,garlic,garnet,gas,gasp,gasped,gat,gate,gates,gather,gathered,gathering,gauntlet,gave,gay,gazed,gear,geared,geckos,geeky,geese,gel,gelati,gem,gems,gemstone,gender,general,genie,genies,genius,gentle,gentleman,gentlemen,gently,geography,german,germs,germy,get,gets,getting,ghost,ghostly,ghosts,giant,giants,giddy,gift,gifts,gigantic,giggled,giggling,gills,ginger,gingerbread,giraffe,giraffes,girl,girlfriend,girlfriends,girls,girly,give,given,gives,giving,gizmo,glad,gladiator,glance,glanced,glancing,glare,glass,glasses,glasshouse,glee,glider,glimmered,glimpse,glinting,glitter,glittered,glittering,glittery,glob,global,globe,gloomily,gloomy,glorious,gloss,glove,gloves,glow,glowed,glowing,glue,glued,gluestick,gluing,gnocchi,gnome,goal,goalie,goalkeeper,goals,goanna,goat,goats,gobbled,goblet,goblin,goblins,gobsmacked,gocarts,god,godbrother,godfather,godmother,godparent,godparents,gods,goes,goggles,going,gokarting,gold,golden,goldfish,golf,golfing,golly,gone,gong,goo,good,goodbye,goodbyes,goodie,goodies,goodness,goodnight,goods,goofy,googled,goose,goosebumps,gorge,gorgeous,gorilla,gorillas,gosh,got,gothic,gotten,government,governor,gown,gowns,grab,grabbbing,grabbed,grabs,grade,grades,grading,gradually,graduate,graduated,graduation,graffiti,graffitied,grain,grams,grand,grandchildren,granddaughter,grandfather,grandma,grandmas,grandmother,grandmothers,grandpa,grandparents,grandpas,grandson,grandstand,grannies,granny,grant,granted,grapes,graph,grasp,grass,grasshopper,grasshoppers,grateful,grave,graves,graveyard,gravitational,gravity,gravy,gray,grazed,grazing,greasy,great,greatest,greatly,greedily,greedy,green,greener,greenish,greenness,greens,greeny,greeted,greetings,grenade,grenades,grew,grey,greyer,greyhounds,grievance,grill,grilling,grim,grin,grind,grinder,grinned,grip,groaned,groans,groceries,grocery,groom,groomed,groomer,groove,groovy,gross,grotty,grouchy,ground,grounded,group,groups,grow,growing,growl,growled,growling,growly,grown,grows,grt,grub,grubs,gruelling,grumbled,grumbling,grump,grumpier,grumpily,grumps,grumpy,grunted,guard,guardian,guardians,guarding,guards,guernsey,guess,guessed,guesses,guessing,guest,guests,guide,guinea,guitar,guitars,gulp,gulped,gum,gumball,gumboots,gumnuts,gun,gunners,guns,gunships,guppies,gush,gushing,gust,gut,guts,gutter,guy,guys,gym,gymnastic,gymnastics,gypsies,gypsy,had,hail,hailing,hailstorm,hair,haircut,hairdresser,hairdressers,hairier,hairs,hairspray,hairstyles,hairy,half,halftime,halfway,hall,hallelujah,halloween,hallway,halo,halt,halved,halves,ham,hamburger,hamburgers,hammer,hammered,hammering,hammers,hammock,hammocks,hamster,hamsters,hamstring,hand,handbag,handball,handballed,handballing,handballs,handcuffs,handed,handful,handgun,handing,handle,handlebar,hands,handshake,handsome,handstand,handstands,handwriting,handy,hang,hanged,hanger,hanging,hangman,hangout,hapily,happen,happened,happening,happenings,happens,happier,happiest,happily,happiness,happy,hard,harder,hardest,hardly,hare,hares,harm,harmful,harmless,harmonic,harmonica,harmony,harry,has,hashbrowns,hat,hatch,hatched,hate,hated,hates,hats,hauled,haunt,haunted,haunting,have,haven,having,hawk,hawks,hay,hazel,head,headache,headband,headbands,headed,header,heading,headless,headlights,headmaster,headphones,headquarters,heads,healing,health,healthier,healthy,heap,heaps,hear,heard,hearing,hears,heart,hearted,hearts,heat,heated,heater,heaven,heavier,heavily,heavy,heck,hedge,heel,heeled,heelies,heels,height,heights,held,helicopter,helicopters,helicpoter,helium,hell,hello,helmet,helmets,help,helped,helper,helpers,helpful,helping,helps,hen,henrys,hens,her,herbivore,herbivores,herd,here,hereby,heritage,hermit,hero,heroes,hers,herself,hesitate,het,hexagon,hey,hibernated,hibernation,hid,hidden,hide,hideous,hideout,hideouts,hides,hiding,high,higher,highest,highland,highly,hight,highway,hiking,hilarious,hill,hills,him,himself,hip,hippo,hippopotamus,hippopotamuses,hippos,hippy,hire,hired,his,hissed,hissing,history,hit,hits,hitting,hive,hived,hobbies,hobby,hockey,hoe,hog,hogging,hogs,hold,holder,holding,holds,hole,holes,holiday,holidays,hollow,hologram,holographic,holy,hom,home,homeless,homer,homes,homesick,homework,homey,hone,honest,honesty,honey,honeycomb,honeymoon,honked,honking,honour,hood,hoods,hoody,hoof,hook,hooked,hoop,hoops,hooray,hop,hope,hoped,hopefully,hopeless,hopes,hoping,hopped,hopper,hopping,hops,hopscotch,horde,horn,horns,horrible,horrific,horrified,horror,horrors,horse,horses,hose,hospital,host,hostages,hostel,hostess,hosting,hot,hotdog,hotdogs,hotel,hotels,hotter,hottest,hound,hour,hours,house,houseboat,houses,hover,hovercraft,hovercrafts,hovering,how,however,howling,huddled,huffed,huffing,hug,huge,hugged,hugging,hugs,hula,hum,human,humanoid,humanoids,humans,humid,humongous,humungous,hunchback,hundred,hundreds,hung,hungrey,hungrier,hungry,hunk,hunt,hunted,hunter,hunters,hunting,hunts,huntsman,hurdles,hurl,hurling,hurricane,hurried,hurriedly,hurry,hurrying,hurt,hurting,hurts,husband,husky,hustle,hut,hutch,hynotised,hyperactive,hypersleep,hypnotise,hypnotised,hypnotized,ice,iceberg,iceblock,iceblocks,icecream,icecreams,icing,icy,idea,ideas,idiots,ignore,ignored,iguana,iguanas,iin,ill,illustrator,images,imaginary,imagination,imaginations,imagine,imagined,imagining,immediate,immediately,immigrants,immigration,impact,impatient,impatiently,implanted,importance,important,impossible,impressed,improve,inappropriate,inch,inches,include,included,including,incorrect,increase,incredible,incredibly,incursion,indeed,independence,indians,indicator,indigenous,indigo,indistinguishable,individual,indoor,industries,infected,infection,information,ingenious,ingredient,ingredients,initials,inject,injected,injection,injections,injured,injuries,injury,ink,innocent,insane,inscription,insect,insects,inserted,inside,insight,insisted,instant,instantly,instead,instructed,instructions,instructor,instructors,instrument,instruments,intelligent,interaction,interchange,interested,interesting,interests,interfering,intergalactic,interior,internet,interrupt,interrupted,intervals,interview,interviewing,interviews,intestine,into,introduce,introduced,invade,invaded,invasion,invent,invented,inventing,invention,inventions,inventor,inventors,inventory,investigate,investigated,investigating,investigation,investigations,invisible,invisibles,invitation,invitations,invite,invited,inviting,ion,iron,irresistible,irritating,island,islands,issues,itchy,item,items,its,itself,ittle,ivory,jabbed,jack,jacket,jackets,jacks,jade,jagged,jaguar,jail,jails,jam,jammed,jams,january,jar,jars,jaw,jaws,jazz,jealous,jealousy,jeans,jeep,jelly,jellybean,jellyfish,jerseys,jesus,jet,jets,jetty,jewel,jewellery,jewels,jiggled,jigsaw,jingle,job,jobs,joey,jog,jogged,join,joined,joining,joke,joked,joker,jokes,joking,jolly,journal,journey,joy,joyful,joys,judge,judges,jug,juggle,juggling,juice,juices,juicy,july,jump,jumped,jumper,jumpers,jumping,jumps,june,jungle,junior,juniors,junk,junkyard,jus,just,kaboom,kangaroo,kangaroos,karaoke,karate,karts,ked,keen,keep,keeper,keepers,keeping,keeps,kelp,kelpie,kennel,kept,ketchup,kettle,kettles,key,keyboard,keyring,keys,kick,kicked,kicking,kicks,kid,kidding,kidnapped,kids,kig,kill,killed,killer,killing,kills,kilograms,kilometre,kilometres,kilos,kind,kinder,kindergarten,kindly,kinds,kindy,king,kingdom,kings,kiss,kissed,kisses,kissing,kit,kitchen,kitchens,kite,kites,kitten,kittens,knead,knee,kneed,knees,knew,knife,knifed,knight,knights,knit,knitted,knitting,knives,knob,knobs,knock,knocked,knocking,knot,knotty,know,knowing,knowledge,known,knows,knuckles,koala,koalas,kookaburra,kookaburras,kris,lab,label,laboratory,labour,labrador,labradors,labs,lace,laces,lad,ladder,ladders,ladies,lads,lady,ladybug,lagoon,laid,lair,lake,lakes,lamb,lambs,lame,lamingtons,lamp,land,landed,landing,lands,lane,lanes,laneway,language,languages,lantern,lap,lapped,lapping,laps,laptop,large,lasagne,laser,lasers,lashed,last,lasted,lastly,latch,late,lately,later,latest,laugh,laughed,laughing,laughs,laughter,launch,launched,launcher,launches,laundry,lava,lave,lavender,law,lawn,lawnmower,lawyer,lay,layby,layer,layered,layers,laying,lays,lazier,lazily,lazy,lead,leader,leaders,leading,leads,leaf,leafless,leafy,league,leak,lean,leaned,leaning,leant,leap,leaped,leaps,leapt,learn,learned,learning,learnt,leash,least,leather,leave,leaves,leaving,lectured,led,ledge,left,leftover,leg,legally,legend,legendary,legends,legged,leggings,legs,lemon,lemonade,lemons,length,leopard,leopards,leotard,less,lesson,lessons,let,lets,letter,letterbox,letters,letting,lettuce,level,levels,lever,levitation,liar,liberty,librarian,library,license,lick,licked,licking,licks,licorice,lid,lie,lied,lief,life,lifeguard,lifeguards,lifejackets,lifesaver,lifetime,lift,lifted,light,lighter,lighthouse,lighting,lightning,lights,like,likea,liked,likely,likes,lilies,lily,lilypad,limbo,lime,limes,limo,limousine,line,lined,lines,link,lion,lions,lip,lips,lipstick,liquid,list,listen,listened,listener,listening,listens,lit,literacy,literally,litre,litres,litter,little,littlest,live,lived,lively,liver,lives,living,lizard,lizards,load,loaded,loads,loaf,loan,lobster,local,lock,locked,locker,lockers,locket,locking,locks,log,logged,logging,logs,lollies,lollipop,lollipops,lolly,lollybags,lonely,loner,long,longbows,longer,longest,loo,look,looked,looking,looks,loose,loot,lord,lorry,lose,loser,losers,loses,losing,lost,lot,lots,lottery,loud,louder,loudest,loudly,loudspeaker,lounge,love,loved,lovely,lover,loves,loving,low,lower,lowered,loyal,lthe,lube,luck,luckiest,luckily,lucky,luggage,lump,lunar,lunch,lunchbox,lunches,lunchtime,lunged,lunging,lungs,lurking,luxury,lying,lyrics,macaroni,maces,machime,machine,machinery,machines,mad,made,madman,madness,magazine,magazines,magic,magical,magically,magician,magma,magnetic,magnets,magnificent,magnifying,magpie,magpies,mags,maid,maids,mail,mailbox,mailman,main,mainly,majesty,major,make,maker,makers,makes,makeup,making,male,malfunction,mall,mama,mammal,mammals,man,manage,managed,manager,mandarin,mandarins,mane,manes,manga,mange,mango,mangoes,mania,mankind,manners,mansion,mantis,manual,many,map,maple,marble,marbles,march,marched,marchers,marching,margarine,margin,margins,marigold,marines,mark,marked,marker,markers,market,markets,marking,marks,marriage,married,marry,mars,marshmallow,marshmallows,martians,marvellous,marvelous,mascot,mascots,mash,mashed,mask,masks,massage,massaged,massive,mast,master,masterpiece,masters,mat,match,matched,matches,mate,mated,material,materials,mates,maths,mats,matt,matter,mattered,mattress,mauve,maximum,may,maybe,mayonnaise,mayor,maypole,maze,mazes,meadow,meadows,meal,meals,mean,meaner,meanest,meaning,means,meant,meantime,meanwhile,measure,measured,measuring,meat,meatballs,meats,mechanic,mechanical,medal,medals,median,medical,medication,medicine,medicines,meditate,medium,meed,meerkat,meerkats,meet,meeting,meets,mega,melt,melted,melting,melts,member,members,membership,memorial,memories,memory,men,mental,mention,mentioned,menu,meow,meowed,mercy,mermaid,mermaids,merry,merrygoround,mess,message,messaged,messages,messed,messenger,messing,messy,met,metal,metallic,meteor,meteorite,meteorites,methane,method,metre,metres,metronome,metropolitan,mew,miaow,miaowed,miaowing,miaows,mice,microchip,microphone,microphones,mid,middle,middles,midfielder,midget,midnight,might,mightier,mighty,mike,mile,miles,military,milk,milkbar,milked,milking,milkshake,milky,mill,millet,millimetres,million,millionaire,millionaires,millions,mince,mind,minding,mine,miner,mines,mini,miniature,minibeast,minibeasts,mining,minister,minnow,minor,mint,minum,minus,minute,minutes,miracle,mirror,mirrors,mischief,miserable,misery,miss,missed,misses,missile,missiles,missing,mission,missions,mist,mistake,mistakes,mists,misty,mitre,mitten,mix,mixed,mixer,mixing,mixture,moaned,moans,moat,mob,mobile,mobs,mockery,mode,model,models,moderately,modern,mole,molecule,moles,mollusc,molluscs,molly,moment,moments,monday,mondays,money,monitor,monk,monkey,monkeybar,monkeybars,monkeys,monks,mono,monopoly,monster,monsters,monstrosity,month,months,moo,mood,moods,moody,moon,moonbeams,moonlight,moons,moonstone,moose,moral,more,morning,mornings,morphing,mosaic,mosquito,mosquitoes,moss,mossy,most,mostly,motel,mother,mothers,moths,motion,motions,motocross,motor,motorbike,motorbikes,motorcycle,motto,mould,mound,mount,mountain,mountains,mouse,mousse,moustache,mouth,mouthguard,mouths,move,moved,movement,moves,movie,movies,moving,mow,mowed,mower,mowing,mrs,much,mud,muddy,muffin,muffins,mug,mulch,multi,multiple,multiplication,multiply,mum,mumbled,mumma,mummies,mummy,mums,munch,munching,murder,murdered,murderer,murderers,murmured,muscle,muscles,muscular,museum,museums,mushroom,mushrooms,music,musical,musician,musicians,musketeers,muskets,mussel,mussels,must,mustard,musty,mut,mutant,mutants,mutated,mutation,muttered,mutters,mutton,mutts,muzzle,myself,mysteries,mysterious,mysteriously,mystery,mystical,myth,mythical,nagging,nail,nails,naked,name,named,names,nanny,nap,nappies,nappy,narrative,narrow,nasal,nasty,nation,national,nations,native,natives,nature,naughtiest,naughty,nay,near,nearby,nearer,nearest,nearing,nearly,neat,neatly,neck,necklace,necklaces,nectar,need,needed,needing,needle,needles,needs,neigh,neighbour,neighbourhood,neighbours,neither,nemesis,neon,nephew,ner,nerd,nerdy,nerve,nervous,nervously,nest,nesting,net,netball,nets,netting,network,never,nevertheless,new,newest,news,newsletter,newsman,newspaper,newspapers,next,nibble,nibbling,nice,nicely,nicer,nicest,nick,nickname,nicknames,niece,nieces,night,nightfall,nightime,nightmare,nightmares,nights,nil,nine,nineteen,nineteenth,ninety,ninja,ninth,nip,nitrogen,nobody,nodded,noise,noises,noisy,non,none,noodle,noodles,noon,noone,normal,normally,north,northern,nose,noses,not,note,notepad,notes,nothing,notice,noticed,noticing,november,now,nowhere,nozzle,nudge,nudged,nudging,nugget,nuggets,nuggts,nuisance,numbat,number,numbered,numbers,nurse,nursery,nurses,nursing,nut,nutritious,nuts,oak,oatmeal,oats,obedient,obey,obeyed,object,objective,objects,observatory,observes,observing,obstacle,obviously,occasion,occasionally,occurred,ocean,ochre,october,octopus,octopuses,odd,oddly,off,offence,offensive,offer,offered,office,officer,officers,official,officially,offs,often,ogre,ogres,oil,oink,old,olden,older,oldest,olives,olympic,olympics,omnivore,omnivores,once,one,ones,onion,onions,online,only,onto,onwards,oops,opaque,open,opened,opener,opening,opens,opera,opinion,opponent,opposite,opther,options,orange,oranges,orangutan,orbiting,orchards,orchestra,order,ordered,ordering,orders,ordinary,ore,organ,organic,organisation,organise,organised,organising,orphan,orphanage,ostrich,other,others,otherwise,ouch,ought,ounces,our,ours,ourselves,out,outback,outer,outfit,outfits,outside,outsmart,oval,oven,over,overall,overboard,overcome,overflowed,overflowing,overgrown,overhead,overheard,overjoyed,overlapped,overload,overloaded,overnight,overpower,overseas,overtaken,overthrow,overtook,owl,owls,own,owned,owner,owners,owns,oxygen,oysters,pace,paces,pack,package,packed,packet,packets,packing,packs,pad,paddle,paddled,paddling,paddock,paddocks,padlocks,pads,page,pages,paid,pail,pain,paint,paintbrush,painted,painter,painting,paintings,paints,pair,pairs,pal,palace,palaeontologist,pale,palm,pals,pan,pancake,pancakes,panda,panel,panels,panic,panicked,panicking,panned,panning,pans,pansy,panted,panting,pantry,pants,paper,paperclips,papers,parachute,parachutes,parade,parades,paradise,paragraph,paralysed,paramedic,parcel,parch,parent,parents,park,parked,parking,parklands,parks,parliament,parlour,parrot,parrots,parsley,part,participated,particular,partied,parties,partner,partners,parts,party,pass,passage,passed,passenger,passengers,passes,passing,passport,passports,password,past,pasta,paste,pasted,pasties,pasting,pastry,pat,patch,patches,path,pathetic,paths,pathway,pathways,patience,patrol,patrolling,pats,patted,patter,pattern,patterned,patting,pauper,pause,paused,pavement,pavlova,paw,paws,pay,payed,paying,pea,peace,peaceful,peacefully,peach,peacock,peacocks,peak,peanut,peanuts,pear,pearl,pearls,pearly,pears,peas,peasant,pecked,peculiar,pedal,pedalling,pedicure,pee,peed,peeked,peel,peeled,peeler,peels,peep,peephole,peered,pegs,pelican,pelted,pen,pencil,pencils,penguin,penguins,penny,pens,penthouse,people,pepper,per,percent,perch,perfect,perfection,perfectly,perform,performance,performances,performed,performing,perfume,perhaps,period,periods,permanent,perpared,persistent,person,personality,perspiration,pest,pestering,pet,petal,petals,peter,petrified,petrifying,petrol,pets,pharaoh,phew,phoenix,phone,phoned,phones,photo,photographer,photos,physical,pianist,piano,pianos,pick,picked,picking,pickle,pickles,picks,picnic,picture,pictures,pie,piece,pieces,pierced,piercing,pies,pig,pigeon,piggy,piggyback,piggybacks,piglets,pigs,pikelets,pile,piles,pill,pillow,pillows,pills,pilot,pilots,pimple,pimples,pin,pinball,pincers,pinch,pinched,pine,pineapple,pines,ping,pingpong,pink,pinkish,pinky,pins,pipe,pipes,piranhas,pirate,pirated,pirates,pistol,pistols,pit,pita,pitch,pitches,pitchfork,pitchforks,pitstop,pitter,pixie,pixies,pizza,pizzas,place,placed,places,placing,plain,plait,plaits,plan,plane,planes,planet,planets,plank,plankton,planned,planning,plans,plant,planted,planting,plants,planyers,plasma,plaster,plasters,plastic,plate,plated,plates,platform,plating,platter,platypus,platypuses,play,playdough,played,player,players,playful,playground,playhouse,playing,playroom,plays,playtime,plaza,pleaded,pleas,please,pleased,pleasing,pleasure,plenty,pliers,plonk,plop,plopped,plot,plucked,plug,plugged,plugs,plumber,plummeted,plus,pluses,plush,ply,pneumonia,poach,pocket,pockets,pod,podium,pods,poem,poems,point,pointed,pointer,points,pointy,poison,poisoned,poisoning,poisonous,poke,poked,pokies,poking,polar,pole,poles,police,policeman,policemen,polish,polisher,polishing,polite,politely,pollen,polluted,polo,pommel,pond,ponds,pong,ponies,pony,ponytails,poodle,pool,pools,poop,poor,pop,popcorn,popped,popper,poppers,popping,popstar,popstick,popsticks,popular,porcupine,pork,porridge,port,portable,portal,porthole,portrait,posh,position,positive,possession,possessions,possible,possum,possums,post,posted,poster,posters,postman,posts,pot,potato,potatoes,potion,potions,pots,potty,pouch,poultry,pounce,pounced,pound,pounded,pounder,pounds,pour,poured,pouring,pours,pout,pow,powder,power,powered,powerful,powerpoint,powers,practical,practice,practiced,practise,practised,practises,practising,pram,prank,pranking,prawn,prawns,pray,prayed,prayer,praying,precious,precipice,precisely,predator,predicted,pregnant,prehistoric,premier,premiership,premium,prep,prepare,prepared,preparing,present,presentation,presenting,presents,president,presidents,press,pressed,presses,pressing,pressure,pretend,pretended,pretending,prettier,prettiest,pretty,prevented,previous,previously,prey,price,prices,prickle,prickles,prickly,pride,priest,primary,prime,prince,princes,princess,princesses,principal,principles,print,printed,printer,prints,prise,prism,prison,prisoner,prisoners,private,prix,prize,prized,prizes,pro,probably,probe,problem,problems,procedures,production,professional,professor,profile,program,programmed,programs,progress,project,projects,promise,promised,promoted,proof,proofreading,propel,proper,properly,properties,property,protal,protect,protected,protecting,protection,protested,prototype,proud,proudly,prove,proved,proven,provisions,pub,public,pudding,puddle,puddles,puff,puffball,puffed,puffer,puffs,puffy,puke,pull,pulled,puller,pulling,pulls,pulse,pulverised,pump,pumped,pumping,pumpkin,pumpkins,punch,punched,punching,punish,punished,punishment,punishments,punk,punt,puny,pup,puppet,puppets,puppies,puppy,pups,purchase,pure,purple,purpose,purr,purrs,purse,push,pushbikes,pushed,pushing,pussy,put,puts,putting,putty,puzzle,puzzled,puzzles,pyjamas,pyramid,pyramids,python,quad,quarter,quarterback,quarters,quaver,queen,queens,quest,question,questioned,questioningly,questions,quick,quicker,quickly,quiet,quieter,quietest,quietly,quilts,quit,quite,quiz,quizzes,quoits,quokka,rabbit,rabbits,raccoon,race,raced,racer,racers,races,racing,rack,racket,rackets,racking,racoon,racquet,racquets,radar,radars,radical,radio,radioactive,radish,raffle,raft,rag,rage,raged,raging,rags,raid,rail,railing,railway,rain,rainbow,rainbows,raincoat,raindrops,rained,rainfall,rainforest,raining,rainmaker,rains,rainy,raised,raising,raisins,raking,rally,rammed,ramp,rampage,rampaging,ramps,ran,ranch,random,rang,ranger,rap,rapid,rapidly,rapids,rare,rarest,rascal,rascals,raspberries,rat,rated,rather,rating,rats,rattle,rattled,rattling,rave,raw,ray,rays,razor,reach,reached,reaching,read,reader,reading,reads,ready,real,realise,realised,realising,really,realm,realy,reaper,rear,reason,reasons,reborn,rebuild,rebuilt,received,recently,reception,recess,recharged,recipe,reckon,recognise,recognised,recommended,record,recorded,records,recount,recovered,recreation,recruited,recruits,rectangle,rectangles,recycle,recycling,red,redback,redder,reddish,redesigned,redwood,reed,reeds,reef,reefs,reel,reeled,referee,referees,refill,reflect,reflected,reflecting,reflection,reflector,reflects,refrigerator,refuel,refueled,refugees,refuse,refused,regards,region,register,regular,reindeer,reinforcements,reject,rejected,related,relative,relatives,relax,relaxed,relaxing,relay,release,released,relief,relieved,religions,reloaded,remained,remains,remarkable,remarried,remember,rememberd,remembered,remembers,remind,reminded,reminds,remote,renovated,rent,rental,rented,repacking,repair,repaired,repairer,repairs,repeated,repeatedly,replace,replay,replayed,replica,replied,reply,report,reported,reporter,reporting,represented,reptile,reptiles,repulsive,rescue,rescued,rescues,research,resist,respect,respiratory,response,responsible,rest,restart,restarted,restaurant,restaurants,rested,resting,restrooms,rests,results,resume,retell,retired,retreat,retreated,retriever,return,returned,returning,revealed,revenge,reverse,reversed,review,reviewed,revved,reward,rewarded,rewind,rhino,rhinoceros,rhinoceroses,rhinos,rhyme,rhyming,rhythmical,ribbon,ribbons,ribs,rice,rich,richest,rid,ridden,ridding,riddles,ride,rider,riders,rides,ridiculous,riding,rifle,rifles,right,rightful,rime,rims,ring,ringing,ringmaster,rings,rip,ripe,ripped,ripping,ripples,rippling,rise,rising,risk,rival,river,rivers,road,roads,roamed,roaming,roar,roared,roaring,roars,roast,roasted,rob,robbed,robber,robbers,robbery,robbing,robin,robot,robotic,robots,rock,rocked,rocket,rockets,rocking,rockpool,rockpools,rocks,rocky,rod,rode,rodent,rods,role,roles,roll,rolled,roller,rollerblades,rollerblading,rollercoaster,rolling,rolls,roof,roofs,rookie,rooks,room,roommates,rooms,rooster,roosters,root,roots,rope,ropes,rose,rosellas,roses,rosy,rot,rotten,rottweiler,rough,roughly,round,roundabout,rounds,route,routine,routines,row,rowdy,rowed,rowing,rows,royal,royalty,rub,rubbed,rubber,rubbish,rubies,rubs,ruby,ruck,ruckman,rude,rudest,ruffle,ruffles,rugby,ruin,ruined,ruins,rule,ruled,ruler,rules,rum,rumble,rumbled,rumbling,rumour,rumours,rumpus,run,rung,runner,runners,running,runs,runway,rush,rushed,rushes,rushing,rusted,rustle,rustled,rustling,rusty,saag,sabre,sabres,sack,sacks,sacred,sacrifices,sacs,sad,saddest,saddle,sadly,sadness,sae,safari,safe,safely,safer,safest,safety,said,sail,sailed,sailing,sailor,sailors,sails,salad,salads,sale,sales,saliva,salmon,salt,salty,same,samll,sample,sanctuary,sand,sandals,sandbag,sandcastle,sandcastles,sandman,sandmen,sandpit,sands,sandwich,sandwiches,sandy,sang,sank,sapce,sapphire,sarcastically,sarcophagus,saris,sat,satring,saturated,saturday,saturdays,sauce,saucepan,saucer,sausage,sausages,sautrday,save,saved,saver,saving,saviour,saw,saws,saxophone,say,saying,says,scale,scales,scanned,scanner,scanning,scar,scarab,scare,scarecrow,scarecrows,scared,scaredy,scares,scarf,scarier,scariest,scaring,scars,scarves,scary,scatter,scattering,scene,scenes,scent,sceptre,schedule,schnitzel,schnitzels,scholarship,school,schools,science,scientific,scientist,scientists,scissors,scoff,scolded,scone,scones,scoop,scooped,scoops,scooter,scooters,scooting,scope,score,scoreboard,scored,scores,scoring,scorpion,scout,scouts,scrabble,scram,scramble,scrambled,scrap,scrapbooking,scrape,scraped,scraping,scratch,scratched,scratches,scratching,scream,screamed,screaming,screams,screech,screeched,screen,screens,screwdriver,scrub,scrubbed,scrubbing,scruffy,scrumptious,scrunched,scuba,scuffs,sculling,scurrying,scuttling,sea,seafood,seagull,seagulls,seahorse,seahorses,seal,sealed,seals,seaplane,search,searched,searching,seas,seashell,seashore,seasick,seaside,season,seasoning,seasons,seat,seatbelt,seatbelts,seated,seating,seats,seaweed,second,secondary,secondly,seconds,secret,secretly,secrets,section,security,see,seed,seeder,seeds,seeing,seek,seem,seemed,seems,seen,sees,seesaw,select,selected,self,selfish,sell,seller,selling,sells,semi,semibreve,send,sending,senior,seniors,sense,sensed,sensible,sensitive,sensor,sent,sentence,sentenced,sentences,separated,separately,separator,september,sere,series,serious,seriously,servant,servants,serve,served,serves,service,services,serving,servings,session,set,sets,setting,settle,settled,seven,seventeen,seventh,seventy,several,severe,sew,sewer,sewers,sewing,sewn,shack,shade,shadow,shadows,shaft,shaggy,shake,shakes,shaking,shaky,shall,shallow,shame,shampoo,shampooed,shanks,shape,shaped,shapes,share,shared,shares,sharing,shark,sharks,sharp,sharpener,shattered,shattering,shave,she,shear,sheared,shearing,shed,sheds,sheep,sheer,sheered,sheet,sheets,shelf,shell,shells,shelter,shelves,shepherd,sheridan,sheriff,shield,shields,shift,shifting,shimmery,shin,shine,shined,shingles,shinier,shining,shiny,ship,shipping,ships,shipwrecks,shirt,shirts,shiver,shivered,shivering,shivery,sho,shock,shocked,shocking,shoe,shoebox,shoelaces,shoes,shone,shooing,shook,shoot,shooter,shooting,shoots,shop,shopkeeper,shopped,shopper,shopping,shops,shore,shores,short,shorter,shortly,shorts,shot,shotgun,shotput,shots,shoud,should,shoulder,shoulders,shout,shouted,shouting,shouts,shoved,shovel,shovelled,shovelling,shovels,shoving,show,showbag,showed,shower,showered,showers,showground,showing,shown,shows,shrank,shredded,shreds,shrieked,shrieking,shrimps,shrine,shrinker,shrinking,shrug,shrugged,shrunk,shuddered,shuffle,shut,shutter,shutting,shuttle,shy,sic,sick,sickbay,sickness,side,sided,sides,sidewalk,sideways,sigh,sighed,sight,sighted,sights,sign,signal,signalled,signature,signatures,signed,signing,signs,silence,silent,silently,silhouette,silkworm,silky,sill,silly,silver,silverbeet,silverfish,silvers,sim,similar,simple,simplest,simply,simulation,since,sing,singer,singers,singing,single,singlet,singling,sings,sink,sinking,sip,sipping,sir,siren,sirens,sisiter,sisiters,sister,sisters,sit,site,sits,sitting,situation,situations,six,sixteen,sixteenth,sixth,sixties,sixty,size,sized,sizes,sizzling,skate,skateboard,skateboarder,skateboarding,skateboards,skated,skatepark,skater,skates,skating,skeleton,skeletons,sketch,ski,skid,skidded,skids,skied,skier,skies,skiing,skill,skilled,skills,skin,skinny,skins,skip,skipped,skipping,skips,skirt,skirts,skis,skull,skulls,sky,slab,slabs,slacked,slam,slamball,slamdunk,slamdunks,slammed,slammer,slap,slapped,slapping,slash,slashed,slaughter,slaughtered,slave,slaves,slaving,slay,slayed,slayer,slayers,slaying,sled,sledge,sleek,sleep,sleeper,sleepily,sleeping,sleepover,sleepovers,sleeps,sleepy,sleepyhead,sleeve,sleeved,sleigh,slept,slice,sliced,slices,slid,slide,slider,slides,slideshow,sliding,slight,slim,slime,slimy,sling,slingshot,slip,slipped,slippers,slippery,slipping,slithered,slithering,slivered,slob,slot,slots,slow,slowed,slower,slowing,slowly,sludge,slug,slugs,slumber,slumped,sly,smack,smacked,smacking,small,smaller,smallest,smart,smarter,smartest,smartly,smarty,smash,smashed,smashing,smell,smelled,smeller,smelliest,smelling,smells,smelly,smelt,smile,smiled,smiles,smiley,smiling,smirk,smirked,smithereens,smiths,smock,smoke,smoked,smoking,smooth,smoothed,smoothie,snack,snacks,snail,snails,snake,snakes,snap,snapped,snapper,snarly,snatched,sneak,sneaked,sneakers,sneakily,sneaking,sneaks,sneaky,sneered,sneeze,sneezed,sneezing,sneezy,sniffed,sniffer,sniffing,snip,sniped,sniper,sniping,snipping,snobby,snooze,snore,snoring,snorkelling,snort,snorted,snot,snotty,snow,snowball,snowballs,snowboarding,snowed,snowflake,snowflakes,snowing,snowman,snowmen,snowpeas,snows,snowy,snuffle,snuggled,snugly,soak,soaked,soaking,soap,soared,sobbed,sobbing,soccer,social,society,socket,socks,sofa,soft,softball,softest,softly,soggy,soil,solar,sold,soldier,soldiers,solid,solider,solo,solution,solve,solved,solving,sombrero,some,somebody,someday,somehow,somehting,someone,someones,somersault,somersaults,something,sometimes,somewhere,somtimes,son,song,songs,sonny,sons,soon,sooner,sopping,sore,sores,sorry,sort,sorted,sorting,sorts,sot,soul,souls,sound,sounded,sounding,sounds,soup,soups,sour,source,soursob,soursobs,sousins,south,southern,souvenir,sowed,sowing,soy,soya,spa,space,spacecraft,spaceman,spaceship,spaceships,spacesuit,spade,spaghetti,spare,sparkle,sparkled,sparklers,sparkles,sparkling,sparkly,sparring,spat,spatula,speak,speaker,speaking,speaks,spear,spears,special,species,speck,specky,spectacular,sped,speech,speeches,speechless,speed,speeding,speedway,speedy,spell,speller,spelling,spells,spelt,spend,spending,spent,spew,spewed,sphere,sphinx,spider,spiders,spied,spies,spike,spiked,spikes,spikey,spiky,spill,spilt,spin,spinach,spine,spinning,spins,spiral,spirit,spirits,spit,spitting,splash,splashed,splashing,splat,splattered,splendid,splinter,split,splits,splitting,splutter,spoil,spoiled,spoiling,spoilt,spoke,sponge,spook,spooked,spookier,spookiest,spookily,spooky,spoon,spoonful,spoonfuls,spoons,sport,sporting,sports,sporty,spot,spotlight,spots,spotted,spotter,spotty,sprain,sprained,sprang,spray,sprayed,spread,spreader,spreading,spreads,spree,spring,springs,sprinkle,sprinklers,sprinkles,sprinkling,sprint,sprinted,sprinting,sprocket,sprout,sprouting,sprung,spun,spy,spying,squad,squadron,square,squares,squash,squashed,squashing,squawk,squawking,squeak,squeaked,squeaking,squeaky,squealed,squealing,squeeze,squeezed,squeezer,squeezes,squid,squiggle,squirm,squirrel,squirt,squirted,squish,squished,squishing,squishy,stab,stabbed,stable,stables,stack,stacked,stadium,staff,staffroom,stage,stages,staggered,stains,staircase,stairs,stalking,stall,stammered,stamp,stamping,stand,standard,standing,stands,staple,stapler,star,stardom,stare,stared,starfish,staright,staring,starlight,starry,stars,start,started,starter,starting,startled,starts,starvation,starve,starving,stash,state,stated,statements,station,stationary,stations,statue,statues,status,stay,stayed,staying,stays,steady,steak,steal,stealer,stealing,steals,steam,steel,steep,steeple,steered,steering,stencils,step,stepdad,stepdaughter,stepped,stepping,steps,stepson,stern,sternly,stick,sticker,stickers,sticking,sticks,sticky,stiff,still,stillborn,sting,stinging,stingray,stingrays,stink,stinks,stinky,stir,stirred,stitch,stitches,stocks,stoked,stole,stolen,stomach,stomp,stomped,stomping,stone,stones,stood,stool,stop,stopped,stopping,stops,store,stored,stores,storey,storeys,storied,stories,storm,stormed,stormier,storms,stormy,story,stove,straight,straightaway,straightened,stranded,strange,strangely,stranger,strangers,strangest,strangle,strangled,straps,straw,strawberries,strawberry,straws,stray,stream,streamers,street,streets,strength,strengths,stressed,stretch,stretched,stretches,strict,strike,striker,strikes,string,strings,stringy,stripe,striped,stripes,strips,stripy,stroke,stroked,strokes,stroll,strolled,strolling,stromy,strong,stronger,strongest,struck,struggle,struggled,struggles,stubborn,stuck,student,students,studied,studies,studio,studios,study,studying,stuff,stuffed,stumbled,stump,stung,stunk,stunner,stunt,stunts,stupid,stupidest,stuttered,sty,style,styles,sub,subject,subjects,submarine,subs,substance,substitute,subtraciton,subtraction,success,successfully,such,suck,sucked,sucking,sucks,suction,sudden,suddenly,suds,suffer,suffered,suffocated,sugar,suggested,suggestion,suicide,suit,suitable,suitcase,suitcases,suite,suits,sum,summer,summers,summit,summon,summoned,summons,sumo,sump,sums,sun,sunbathing,sunburn,sundae,sundaes,sunday,sundays,sunflowers,sung,sunglasses,sunk,sunken,sunlight,sunny,suns,sunset,sunshine,super,superb,superhero,superheroes,superman,supermarket,supersonic,superstar,superstore,supervised,supervisor,supper,supplies,supply,supported,supporter,supporters,suppose,supposed,supreme,sure,surely,surf,surface,surfboard,surfer,surfers,surfing,surgery,surname,surprise,surprised,surprising,surprisingly,surrender,surrounded,surrounding,surroundings,survival,survive,survived,surviving,survivor,sushi,suspects,suspended,suspicious,suspiciously,swallowed,swam,swamp,swan,swans,swap,swapped,swapping,swarm,sway,swayed,swaying,swearing,sweat,sweating,sweaty,sweep,sweeper,sweet,sweetened,sweets,sweety,swept,swerved,swerving,swim,swimmer,swimmers,swimming,swims,swine,swing,swinging,swings,swingy,swipe,swiped,swirled,swirling,swirls,swirly,swish,swished,swishes,swishing,switch,switched,switches,switching,swollen,swooped,swooshing,swops,sword,swords,swore,swung,symbol,symmetrical,syrup,system,systems,tabby,table,tables,tablespoon,tablet,tablets,tack,tacking,tackle,tackled,tackles,tackling,tadpole,tadpoles,tag,tagged,tagger,taggers,tags,tail,tailing,tailor,tails,take,takeaway,takeaways,taken,takes,taking,tale,talent,tales,talk,talked,talkies,talking,talks,talky,tall,taller,tallest,tame,tamed,tan,tangled,tangoes,tangy,tank,tanker,tanks,tanned,tantrum,tap,tape,tapir,tapped,tapping,tarantula,tardis,target,targeted,tart,task,taste,tasted,tastes,tastiest,tasty,tattered,tattoo,tattoos,taught,taxi,taxis,tball,tbe,tea,teach,teacher,teachers,teaches,teaching,teacups,team,teamed,teams,teapot,tear,tears,teary,tease,teased,teasing,teaspoon,teaspoons,teatime,technically,technology,teddies,teddy,tee,teen,teenage,teenaged,teenager,teenagers,teeny,teepee,tees,teeth,teh,telephine,telephone,teleport,teleportation,telescope,television,televisions,tell,teller,telling,tells,tem,temper,temperature,temperatures,temple,ten,tennis,tent,tentacles,tenth,tents,term,terminator,termite,termites,terrain,terrible,terribly,terrier,terriers,terrific,terrified,terrifying,territory,terror,terrorists,test,tested,tester,testing,tests,text,textas,than,thank,thanked,thankfully,thanking,thanks,that,thatching,the,theatre,thee,theft,their,theirs,them,theme,themselves,then,theory,ther,there,thermometer,thermos,these,theses,they,thick,thickshake,thief,thieves,thimble,thin,thing,things,think,thinking,thinks,third,thirdly,thirsty,thirteen,thirteenth,thirtieth,thirty,thiry,this,thong,thorns,those,though,thought,thoughtfully,thoughts,thousand,thousands,thrashed,threatened,threatening,three,threw,thrill,thrilled,thrilling,throat,throne,throttle,through,throughout,throw,thrower,throwing,thrown,throws,thumb,thumbs,thump,thumping,thunder,thunderbolt,thundered,thunderstorm,thunderstorms,thursday,thursdays,thus,thy,tick,ticket,tickets,tickle,tickled,ticklish,tickly,tidal,tide,tidied,tidy,tie,tied,ties,tiffany,tiger,tigers,tight,tights,tile,tiles,till,timber,time,timer,times,timetable,timing,tin,tine,tingle,tingled,tinkly,tins,tinsel,tinted,tiny,tip,tipped,tipper,tipping,tippy,tips,tiptoed,tiptoeing,tiptoes,tired,tiring,tissue,tissues,titanium,title,tjhey,toad,toadstool,toast,toasted,toaster,toasty,tobogganing,today,toddler,toddlers,toe,toes,together,toilet,toilets,token,tokens,told,tom,tomato,tomatoes,tomb,tombs,tombstone,tommy,tomorrow,ton,tone,tongue,tongues,tonight,tonne,tons,tonsils,too,took,tool,tools,tooth,toothbrush,top,topaz,topic,topped,topping,toppings,toppled,tops,torch,torches,tore,torn,tornado,torpedo,tortoise,torture,torturing,tossed,tot,total,totally,toucans,touch,touched,touches,touching,tough,toughest,tour,toured,tourist,tourists,tournament,tournaments,tours,tow,toward,towards,towel,towels,tower,towering,towers,town,towns,toxic,toy,toys,traced,track,tracked,tracker,tracks,tracksuit,tractor,tractors,trade,traded,trading,traffic,tragedy,tragic,trail,trailer,trailers,trails,train,trained,trainer,trainers,training,trains,traitors,tram,trampled,trampoline,trampolines,trams,tranquilizer,transferred,transform,transformation,transformed,transformer,transforms,translucent,transport,transported,trap,trapdoor,trapdoors,trapeze,trapped,trapping,traps,trash,trashed,travel,travelled,traveller,travelling,tray,treading,treasure,treasures,treat,treated,treats,tree,treehouse,trees,treetops,trembled,trembling,trembly,tremendous,tremor,trench,trenches,tress,triangle,triangles,tribe,trick,tricked,tricking,trickled,trickling,tricks,tricky,tried,tries,triggered,trikes,trimmed,trimming,trip,triple,triplets,tripped,tripping,trips,trod,troll,trolley,trolls,troop,trooper,troopers,troops,trophies,trophy,tropical,trotted,trouble,trout,truck,trucks,true,truly,trumpet,trunk,trunks,trust,trusted,trustworthy,trusty,truth,try,trying,tshirt,tshirts,tsunami,tub,tube,tubes,tubs,tuck,tucked,tuesday,tuesdays,tug,tugboat,tulips,tumble,tumbled,tumbling,tummy,tumour,tun,tuna,tune,tuned,tunes,tunnel,tunneling,turbines,turbo,turkey,turn,turned,turning,turnout,turns,turtle,turtles,tutor,tuxedo,tweet,twelfth,twelve,twelves,twentieth,twenty,twice,twig,twigs,twilight,twin,twinkle,twinkled,twinkling,twins,twirling,twist,twisted,twister,twisty,twit,twitch,twitches,twitchy,two,twos,tying,type,typed,types,typing,tyre,tyres,udder,uglier,ugliest,ugly,ultimate,ultra,ultrafast,ultrasound,ultraviolet,umbrella,umpire,umpires,unacceptable,unbelievable,uncertain,uncivilised,uncle,uncles,uncomfortable,unconscious,undead,undefeatable,undefeated,under,undercover,underground,underneath,underpants,underscore,understand,understanding,understands,understood,underwater,underwear,underworld,undies,undo,undressed,unfamiliar,unfold,unfortunately,unhappy,unhurt,unicorn,unicorns,unifoms,uniform,uniforms,unique,unit,united,universe,university,unknown,unleashed,unless,unlock,unlocked,unlocking,unlocks,unlucky,unpack,unpacked,unpacking,unpleasant,unplugged,unpredictable,unprotected,unravel,unstuck,unsure,untangle,untangled,untidy,untied,until,untying,unusual,unwrapped,unwrapping,updating,upgrade,upgrading,upon,upright,uprising,ups,upset,upsetting,upside,upstages,upstairs,upwards,urged,urgent,use,used,useful,useless,uses,using,usual,usually,ute,utes,vacation,vacuum,vacuumed,vacuuming,valley,valleys,valuable,vampire,vampires,van,vanilla,vanish,vanished,vanishes,vase,vault,vegemite,vegetable,vegetables,vegetarian,vegie,vegies,vehicle,vehicles,veil,velodrome,velvet,vending,venom,venomous,vent,verandah,verse,version,versus,vertical,very,vest,vet,vey,vibrate,vibrated,vice,vicious,victim,victory,video,videos,view,views,viking,vikings,village,villager,villagers,villain,villainous,villains,villian,vine,vinegar,vines,violence,violent,violently,violet,violin,virus,visible,vision,visit,visited,visiting,visitor,visitors,vitamin,vitamins,viv,vivid,voice,voices,volcano,volcanoes,volleyball,volt,volunteer,volunteered,vomit,vomited,vomiting,vote,voted,votes,voucher,vouchers,vowed,vulcanologist,vulture,wacked,wad,waddling,wading,waffle,waffles,wag,wagging,wagon,wailed,waist,wait,waited,waiters,waiting,waitress,waitresses,wake,wakeboard,wakeboarding,wakes,waking,walded,walk,walked,walker,walkie,walking,walks,walky,wall,wallabies,wallaby,wallet,walls,walnut,walnuts,waltz,wand,wandered,wandering,want,wanted,wanting,wants,war,wardrobe,wardrobes,warehouse,warm,warmed,warmest,warming,warmish,warmth,warmups,warn,warned,warning,warrior,warriors,wars,warships,wart,was,wash,washboards,washed,washer,washes,washing,wasp,waste,wasted,wasting,watch,watched,watches,watching,water,waterfall,waterfalls,waterhole,watering,watermelon,waters,waterslide,waterslides,watery,wattle,wave,waved,waves,waving,way,ways,weak,weaker,weakling,weakness,wealthy,weapon,weaponry,weapons,wear,wearing,wears,weather,web,webbed,webcam,webs,website,websites,wedding,weddings,wedges,wednesday,wednesdays,wednesdy,wee,weed,weeding,weeds,week,weekdays,weekend,weekends,weekly,weeks,weenie,weeny,weighed,weight,weights,weird,weirder,weirdest,weirdly,weirdo,welcome,welcomed,welfare,well,wen,wend,went,wept,were,werewolf,werewolves,west,western,wet,wetland,wetsuit,wettest,whack,whacked,whacking,whale,whales,what,whatever,whe,wheat,wheel,wheelbarrow,wheeler,wheelie,wheels,when,whenever,where,wherever,whether,whey,which,while,whilst,whimp,whimpered,whimpering,whined,whining,whip,whipped,whips,whirling,whirlpool,whisked,whiskers,whisper,whispered,whispering,whistle,whistled,whistles,whistling,whit,white,whiteboard,whiting,whitish,whizzed,whizzing,who,whoa,whoever,whole,whooped,whoops,whoosh,whooshed,whose,why,wicked,wicket,wide,widescreen,widow,wielded,wierd,wife,wig,wiggle,wiggled,wiggling,wiggly,wigs,wild,wildfire,wildlife,wildly,will,willow,wimp,wimpy,win,wind,winding,window,windows,windowsill,winds,windscreen,windy,wine,wines,wing,wings,wink,winked,winner,winners,winning,wins,winter,wipe,wiped,wipers,wiping,wire,wired,wires,wirey,wise,wisely,wisest,wish,wished,wishes,wishing,wisp,witch,witches,witching,with,within,without,wives,wizard,wizards,wne,wnt,wobble,wobbled,wobbly,woke,woken,wolf,wolfed,wolves,woman,wombat,wombats,women,won,wonder,wondered,wonderful,wondering,wonderland,wonky,wont,wood,woodcutter,wooden,woodpecker,woods,woodwork,woody,woof,woofed,wool,woolly,woolshed,word,words,wore,work,worked,worker,workers,working,workmen,works,worksheets,workshop,workshops,world,worm,worms,worn,worried,worriedly,worries,worry,worrying,worse,worship,worst,worth,would,wounded,wove,wow,wrap,wrapped,wraps,wreck,wreckage,wrecked,wrecking,wrench,wresters,wrestled,wrestler,wrestlers,wrestling,wriggled,wring,wrinkly,wrist,writ,write,writer,writers,writes,writing,written,wrong,wrote,wrting,xray,yabbies,yabby,yacht,yachts,yanked,yard,yarn,yawn,yawned,yawning,year,years,yell,yelled,yelling,yellow,yells,yelp,yelped,yes,yesterday,yet,yew,yikes,yippee,ymmy,yoga,yoghurt,you,young,younger,youngest,your,yours,yourself,yourselves,yoyo,yuck,yuk,yum,yummiest,yummy,zap,zapped,zapper,zebra,zebras,zero,zigzag,zigzagging,zip,zipped,zombie,zombies,zone,zoo,zookeeper,zoom,zoomed,zooming,zoos,zucchini